11654;2018/155;2018.01.19.
11701;2018/156;2018.01.19.
11406;2018/157;2018.01.19.
11807;2018/158;2018.01.19.
11388;2018/159;2018.01.19.
11618;2018/160;2018.01.19.
11742;2018/161;2018.01.19.
11818;2018/162;2018.01.19.
11760;2018/163;2018.01.19.
11304;2018/164;2018.01.19.
11734;2018/165;2018.01.19.
11377;2018/166;2018.01.19.
11377;2018/167;2018.01.19.
11377;2018/168;2018.01.19.
11377;2018/169;2018.01.19.
11377;2018/170;2018.01.19.
11377;2018/171;2018.01.19.
11377;2018/172;2018.01.19.
11377;2018/173;2018.01.19.
11377;2018/174;2018.01.19.
11377;2018/175;2018.01.19.
11377;2018/176;2018.01.19.
11377;2018/177;2018.01.19.
11377;2018/178;2018.01.19.
11377;2018/179;2018.01.19.
11377;2018/180;2018.01.19.
11377;2018/181;2018.01.19.
11377;2018/182;2018.01.19.
11377;2018/183;2018.01.19.
11377;2018/184;2018.01.19.
11377;2018/185;2018.01.19.
11377;2018/186;2018.01.19.
11840;2018/187;2018.01.19.
11840;2018/188;2018.01.19.
11840;2018/189;2018.01.19.
11692;2018/190;2018.01.19.
11711;2018/191;2018.01.19.
